app.government.router|router|government_router
app.context.router|router|context_router
app.business_continuity.router|router|business_continuity_router
app.tenancy.router|router|tenancy_router
app.auth.patient_router|router|patient_auth_router
app.patients.router|router|patients_router
app.coverage.router|router|coverage_router
app.benefits.router|router|benefits_router
app.admissions.router|router|admissions_router
app.emergency.router|router|emergency_router
app.facilities.router|router|facilities_router
app.appointments.router|router|appointments_router
app.encounters.router|router|encounters_router
app.clinical.router|router|clinical_router
app.laboratory.router|router|laboratory_router
app.pharmacy.router|router|pharmacy_router
app.radiology.router|router|radiology_router
app.billing.router|router|billing_router
app.claims.router|router|claims_router
app.claims.preflight_router|router|claim_preflight_router
app.auth|router|auth_router
app.referrals.router|router|referrals_router
app.reports.router|router|reports_router
app.settlement.router|router|settlement_router
app.adjudication.router|router|adjudication_router
app.benefit_engine.router|router|benefit_engine_router
app.health_exchange.router|router|health_exchange_router
app.eligibility.router|router|eligibility_router
app.clinical.worklist_routes|worklist_router|worklist_router
