app.portal.booking_router|patient_router|portal_booking_router
app.portal.booking_router|facility_router|facility_booking_router
app.reports.router|router|reports_router
app.insight.router|router|insight_router
app.interoperability.router|router|interoperability_router
app.interoperability.allergy_router|router|interoperability_allergy_router
app.interoperability.patient_router|router|interoperability_patient_router
app.national_supply.router|router|national_supply_router
app.national_supply.planning_router|router|national_supply_planning_router
app.national_referrals.router|router|national_referrals_router
app.national_capacity.router|router|national_capacity_router
app.care_gap.router|router|care_gap_router
app.observability.router|router|observability_router
app.operations.router|router|operations_router
app.ussd.router|router|ussd_router
app.ussd.router|lite_router|ussd_lite_router
app.consent.router|router|consent_router
app.treat_abroad.router|router|treat_abroad_router
app.continuity.router|portal_router|continuity_portal_router
app.continuity.router|public_router|continuity_public_router
app.continuity.router|facility_router|continuity_facility_router
app.trust.router|router|public_trust_router
app.identity.router|router|identity_router
app.hospital_os.router|router|hospital_os_router
app.clinical_safety.router|router|clinical_safety_router
app.lab_intelligence.router|router|lab_intelligence_router
app.imaging_intelligence.router|router|imaging_intelligence_router
app.pharmacy_supply.router|router|pharmacy_supply_router
app.claims_financing.router|router|claims_financing_router
app.hie.router|router|hie_router
app.national_ops.router|router|national_ops_router
app.sha_dha.router|router|sha_dha_router
app.certification.router|router|certification_router
app.offline.router|router|offline_router
app.analytics.router|router|analytics_router
app.pilot.router|router|pilot_router
app.logistics.router|router|logistics_router
app.emergency_network.router|router|emergency_network_router
app.workforce.router|router|workforce_router
app.citizen_wallet.router|router|citizen_wallet_router
app.telemedicine.router|router|telemedicine_router
app.ambulance.router|router|ambulance_router
app.surveillance.router|router|surveillance_router
app.quality_scorecard.router|router|quality_scorecard_router
app.fraud_integrity.router|router|fraud_integrity_router
